"Use the facial features of the attached image. Setting: a simple flat-vector cartoon living room drawn as clean geometric shapes — a rounded white couch with two cushions, a low coffee table, a potted plant with broad leaves in the corner, and a soft beige wall behind. Colour palette: muted sky blue and soft cream with a pale sand accent. Lighting: bright even overhead light creating simple flat shadows beneath objects, giving the scene an airy morning feel. Avatar pose: sitting cross-legged on the couch, both hands resting palms-up on her knees in a mock-meditation pose, shoulders relaxed, torso upright and centred. Facial expression: one eyebrow arched high, chin tilted slightly upward, lips pressed together in a knowing half-smile — playful scepticism mixed with dry humour. Composition: avatar positioned slightly left of centre, filling 65% of frame height, leaving the right side open for floating text. Visual metaphor: a large glowing hashtag symbol drawn as a flat neon-style outline floats beside her head with the phrase 'ABUNDANCE MINDSET' in bold sans-serif letters beneath it, and a small cartoon explosion icon with motion lines bursting from the word 'exploded' in the script — literally showing the concept detonating. clean flat 2D vector cartoon illustration, bold even outlines, flat solid colours, simple flat-design style, modern muted harmonious palette, no neon, no over-saturation, no gradients, no painterly shading, no 3D, no photorealism, anatomically correct, exactly two arms and two hands, no extra limbs, no text, no watermarks"
"Use the facial features of the attached image. Setting: a simple flat-vector cartoon abstract studio space with large overlapping geometric shapes — a tall muted sage-green rectangle on the left, a dusty coral circle in the centre, and a soft off-white triangle on the right, creating a modern editorial backdrop. Colour palette: muted sage green and dusty coral with soft off-white accents. Lighting: soft directional light from the upper left casting clean flat diagonal shadows across the shapes, creating gentle contrast without gradients. Avatar pose: standing with both arms stretched wide apart, palms open facing outward in a 'presenting the truth' gesture, feet shoulder-width apart, weight evenly distributed. Facial expression: eyebrows knitted together, mouth slightly open mid-sentence, eyes intense and focused — conveying deep concern and urgency. Composition: avatar centred, taking up 70% of frame height, shapes framing her on all sides. Visual metaphor: a large flat cartoon balance scale floats to her right, one side piled high with glowing gold coins labelled 'MINDSET' and the other side empty and tilted up with a single small coin labelled 'INCOME' — illustrating the imbalance in the narrative being sold. clean flat 2D vector cartoon illustration, bold even outlines, flat solid colours, simple flat-design style, modern muted harmonious palette, no neon, no over-saturation, no gradients, no painterly shading, no 3D, no photorealism, anatomically correct, exactly two arms and two hands, no extra limbs, no text, no watermarks"
"Use the facial features of the attached image. Setting: a fantastical flat-vector cartoon scene of a giant hamster wheel made entirely of overlapping credit cards drawn as simple rounded rectangles with bold colours — red, blue, green — the wheel suspended in a soft twilight-purple sky with two simple stars. Colour palette: muted twilight purple and dusty pink with soft charcoal accents. Lighting: dim evening glow from behind the wheel, rim lighting around the avatar's silhouette, creating a slightly ominous but still flat and graphic feel. Avatar pose: crouched forward with both hands gripping the inside of the wheel, one foot mid-step as if running in place, body leaning into the motion, shoulders hunched with effort. Facial expression: teeth gritted, eyes wide and darting sideways, brow furrowed — nervous energy and exhaustion combined. Composition: avatar positioned in the lower left of the wheel, filling 60% of frame height, the wheel dominating the right side and top. Visual metaphor: the phrase 'NOT THE SYSTEM — YOU' is painted in bold white block letters across the outer rim of the wheel, rotating with it as she runs endlessly in place. clean flat 2D vector cartoon illustration, bold even outlines, flat solid colours, simple flat-design style, modern muted harmonious palette, no neon, no over-saturation, no gradients, no painterly shading, no 3D, no photorealism, anatomically correct, exactly two arms and two hands, no extra limbs, no text, no watermarks"
"Use the facial features of the attached image. Setting: a clean flat-vector cartoon open-plan co-working space drawn with simple geometric furniture — rectangular desks, circular stools, a large window grid on the back wall showing a muted teal sky, a single potted succulent on a desk. Colour palette: muted teal and sandy beige with a soft mustard accent. Lighting: bright even fluorescent-style flat lighting from above, casting minimal simple shadows directly beneath objects, giving the scene a neutral professional tone. Avatar pose: standing at a desk with one hand flat on the surface leaning forward, the other hand raised with index finger pointing directly at the viewer, body angled slightly to the right, shoulders squared. Facial expression: deadpan flat mouth and wide eyes locked on the viewer — dry, direct delivery with no-nonsense energy. Composition: avatar positioned left of centre, filling 65% of frame height, leaving the right side open for a large floating infographic. Visual metaphor: a giant flat cartoon magnifying glass floats in the upper right, its lens filled with bold red text reading 'VICTIM BLAMING' in all caps, with motion lines radiating outward from the words to emphasize scrutiny and exposure. clean flat 2D vector cartoon illustration, bold even outlines, flat solid colours, simple flat-design style, modern muted harmonious palette, no neon, no over-saturation, no gradients, no painterly shading, no 3D, no photorealism, anatomically correct, exactly two arms and two hands, no extra limbs, no text, no watermarks"
"Use the facial features of the attached image. Setting: a whimsical flat-vector cartoon scene of a fantastical garden where plants sprout from coin-filled soil — each plant is a simple green stem with leaves and a single glowing gold coin as the bloom, growing in neat rows across soft rolling hills of muted grass green under a bright butter-yellow sun in a pale sky. Colour palette: soft mint green and pale butter yellow with muted sky blue accents. Lighting: warm bright overhead sunlight creating even flat cartoon shadows behind each plant, giving the scene a cheerful hopeful glow. Avatar pose: kneeling on one knee with both hands cupped together holding a small watering can tilted forward, mid-pour, shoulders relaxed, body leaning slightly into the action. Facial expression: soft warm smile with eyes gently narrowed, head tilted slightly to the side — empathy, reassurance, and quiet optimism. Composition: avatar positioned in the lower left, filling 50% of frame height, the garden stretching out to the right and into the background. Visual metaphor: the nearest plant is labelled with a small flat sign reading 'YEAR 1 — $500' and the largest plant in the back is labelled 'YEAR 10 — $5,000', illustrating compound growth over time, contrasting real strategy with empty mindset promises. clean flat 2D vector cartoon illustration, bold even outlines, flat solid colours, simple flat-design style, modern muted harmonious palette, no neon, no over-saturation, no gradients, no painterly shading, no 3D, no photorealism, anatomically correct, exactly two arms and two hands, no extra limbs, no text, no watermarks"
"Use the facial features of the attached image. Setting: a simple flat-vector cartoon minimalist white studio with a single rounded archway on the left, a low rectangular bench in the centre, and a soft gradient background transitioning from warm off-white at the top to pale charcoal at the bottom — clean, modern, and uncluttered. Colour palette: warm off-white and soft charcoal with a single muted coral accent. Lighting: soft diffused light from the upper right creating gentle flat shadows beneath the bench and avatar, giving the scene a calm contemplative mood. Avatar pose: sitting cross-legged on the floor in front of the bench, one hand covering her mouth, the other resting on her knee, torso slightly hunched forward, body language suggesting surprise or disbelief. Facial expression: eyes wide open with eyebrows arched high, mouth hidden behind her hand but eyes suggesting genuine shock — caught off-guard and processing something unexpected. Composition: avatar centred, filling 60% of frame height, the archway framing her on the left, negative space on the right. Visual metaphor: a large flat cartoon thought bubble floats above her head filled with tangled scribbled lines in muted coral, representing confused or chaotic thoughts, with a single bold question mark in the centre — illustrating internal conflict and the seductive confusion of mindset narratives. clean flat 2D vector cartoon illustration, bold even outlines, flat solid colours, simple flat-design style, modern muted harmonious palette, no neon, no over-saturation, no gradients, no painterly shading, no 3D, no photorealism, anatomically correct, exactly two arms and two hands, no extra limbs, no text, no watermarks"
"Use the facial features of the attached image. Setting: a flat-vector cartoon retro 1950s diner booth drawn with bold simple shapes — a curved red vinyl bench, a white Formica table with chrome edging, a jukebox in the background rendered as a rounded rectangle with glowing buttons, and a checkered black-and-white floor. Colour palette: muted emerald green and soft gold with deep navy accents. Lighting: warm golden glow from a hanging pendant lamp above the table, casting a clean flat circular pool of light on the tabletop, leaving the edges in soft shadow. Avatar pose: sitting in the booth with both hands flat on the table leaning forward, elbows bent, shoulders hunched slightly, body language intense and engaged as if mid-argument. Facial expression: eyebrows knitted together, mouth slightly open mid-sentence, eyes locked forward with intensity — conveying urgency and passionate conviction. Composition: avatar positioned left of centre, filling 70% of frame height, the table occupying the lower third, the jukebox glowing softly in the background right. Visual metaphor: a stack of flat cartoon books piled on the table beside her, the top book's spine reading 'HOW MONEY WORKS' in bold block letters, the bottom book reading 'MANIFESTATION MAGIC' — visually contrasting real education with empty promises. clean flat 2D vector cartoon illustration, bold even outlines, flat solid colours, simple flat-design style, modern muted harmonious palette, no neon, no over-saturation, no gradients, no painterly shading, no 3D, no photorealism, anatomically correct, exactly two arms and two hands, no extra limbs, no text, no watermarks"
"Use the facial features of the attached image. Setting: a simple flat-vector cartoon outdoor park scene drawn with clean shapes — a winding path made of soft brown flat stones, rounded trees with muted forest-green foliage, a simple wooden bench on the left, and a clear bright sky with two fluffy clouds. Colour palette: muted forest green and warm sand with soft sky-blue accents. Lighting: bright even midday sunlight creating simple flat shadows beneath the trees and bench, giving the scene a fresh optimistic tone. Avatar pose: standing tall on the path with one hand on her hip and the other open toward the viewer in a 'hear me out' gesture, shoulders back, posture confident and grounded. Facial expression: soft warm smile with eyes gently narrowed, head tilted slightly forward — empathy, reassurance, and genuine warmth. Composition: avatar positioned slightly right of centre, filling 65% of frame height, the path leading the eye from lower left to her position. Visual metaphor: a large flat cartoon piggy bank sits on the bench beside her, drawn with bold outlines and a cheerful pink fill, with a few simple gold coins arcing through the air toward its slot — representing real savings behavior, not magical thinking. clean flat 2D vector cartoon illustration, bold even outlines, flat solid colours, simple flat-design style, modern muted harmonious palette, no neon, no over-saturation, no gradients, no painterly shading, no 3D, no photorealism, anatomically correct, exactly two arms and two hands, no extra limbs, no text, no watermarks"
"Use the facial features of the attached image. Setting: a dramatic flat-vector cartoon scene of a fantastical city skyline made entirely of stacked gold coins forming skyscraper towers, each tower a different height, against a deep navy night sky with a single crescent moon and scattered stars — bold, allegorical, and slightly surreal. Colour palette: deep navy and dusty blue with muted gold accents. Lighting: cool moonlight from the upper left casting long flat diagonal shadows across the coin towers, creating high contrast and a slightly ominous mood. Avatar pose: standing at the base of the tallest tower with both hands framing her face in mock shock, elbows out, body leaning back slightly as if recoiling from the sight. Facial expression: huge beam with cheeks lifted, eyes crinkled at the corners, mouth open showing teeth — uncontrollable delight mixed with ironic exaggeration. Composition: avatar positioned lower left, filling 55% of frame height, the towers rising dramatically to the right and top of the frame. Visual metaphor: a giant flat cartoon wrecking ball labelled 'POLICY CHANGE' in bold white letters swings in from the right side on a simple chain, frozen mid-arc just before impact with the tallest tower — illustrating systemic solutions versus individual mindset fixes. clean flat 2D vector cartoon illustration, bold even outlines, flat solid colours, simple flat-design style, modern muted harmonious palette, no neon, no over-saturation, no gradients, no painterly shading, no 3D, no photorealism, anatomically correct, exactly two arms and two hands, no extra limbs, no text, no watermarks"
"Use the facial features of the attached image. Setting: a simple flat-vector cartoon minimalist bright living room with large windows on the back wall showing a soft gradient sky transitioning from pale orange at the horizon to muted plum at the top, a low rectangular couch in muted denim blue, a circular rug beneath it, and a tall potted plant with broad leaves in the corner. Colour palette: denim blue and muted apricot with soft plum accents. Lighting: warm sunset glow streaming through the windows, casting long flat horizontal shadows across the floor and couch, giving the scene a calm reflective end-of-day mood. Avatar pose: sitting on the edge of the couch with arms crossed loosely over her chest, one ankle crossed over the other knee, body leaning back slightly, posture relaxed but attentive. Facial expression: one corner of mouth lifted in a knowing half-smile, one eyebrow slightly raised, eyes steady and direct — confident, wry, and knowing. Composition: avatar positioned slightly left of centre, filling 60% of frame height, the windows and sunset filling the background. Visual metaphor: a large flat cartoon roadmap unfolds across her lap and spills onto the floor, drawn with bold lines and labelled waypoints reading 'LEARN', 'BUDGET', 'INVEST', 'ADVOCATE' in all caps — illustrating the real actionable path to financial security versus empty aspirational content. clean flat 2D vector cartoon illustration, bold even outlines, flat solid colours, simple flat-design style, modern muted harmonious palette, no neon, no over-saturation, no gradients, no painterly shading, no 3D, no photorealism, anatomically correct, exactly two arms and two hands, no extra limbs, no text, no watermarks"
